{
  "schema": {
    "version": "v1",
    "name": "register-description-format"
  },
  "root": {
    "version": "v1.0",
    "desc": "Example Design",
    "links": [
      {
        "text": "GitHub",
        "href": "https://github.jpl.nasa.gov/regvue/regvue"
      }
    ],
    "children": [
      "blkA",
      "blkB",
      "blkC"
    ],
    "default_reset": "RS1",
    "doc": "This is an example design. <h6>Embedded html - example</h6>",
    "expanded": [
      "blkA",
      "blkA.sub_blkA",
      "blkB"
    ]
  },
  "elements": {
    "blkA": {
      "offset": "0",
      "type": "blk",
      "children": [
        "blkA.sub_blkA"
      ],
      "name": "blkA",
      "id": "blkA",
      "doc": "This is a block element. <h6>Embedded html - blkA</h6>"
    },
    "blkA.sub_blkA": {
      "offset": "0",
      "type": "blk",
      "children": [
        "blkA.sub_blkA.regA0",
        "blkA.sub_blkA.regA1",
        "blkA.sub_blkA.regA2",
        "blkA.sub_blkA.regA3",
        "blkA.sub_blkA.regA4",
        "blkA.sub_blkA.regA5"
      ],
      "id": "blkA.sub_blkA",
      "name": "sub_blkA",
      "doc": "This is a block of related registers. <h6>Embedded html - sub_blkA</h6>"
    },
    "blkA.sub_blkA.regA0": {
      "offset": "0",
      "doc": "regA0 - An example register. <h6>Embedded html - regA0</h6>",
      "fields": [
        {
          "access": "rsvd",
          "doc": "A reserved field. <h6>Embedded html - rsvd</h6>",
          "nbits": 24,
          "lsb": 8,
          "reset": "0",
          "name": "rsvd"
        },
        {
          "access": "rw",
          "nbits": 4,
          "lsb": 4,
          "name": "long_command",
          "reset": "0",
          "doc": "The command to execute.",
          "enum": [
            {
              "doc": "Starts the operation. <h6>Embedded html - enum</h6>",
              "name": "START",
              "value": "5"
            },
            {
              "doc": "Stops the operation.",
              "name": "STOP",
              "value": "10"
            }
          ]
        },
        {
          "access": "rw",
          "nbits": 1,
          "lsb": 3,
          "name": "flag3",
          "reset": "0",
          "doc": "Set a flag value"
        },
        {
          "access": "rw",
          "nbits": 1,
          "lsb": 2,
          "name": "flag2",
          "reset": "0",
          "doc": "Set a flag value"
        },
        {
          "access": "rw",
          "nbits": 1,
          "lsb": 1,
          "name": "flag1",
          "reset": "0",
          "doc": "Set a flag value"
        },
        {
          "access": "rw",
          "nbits": 1,
          "lsb": 0,
          "name": "flag0",
          "reset": "0",
          "doc": "Set a flag value"
        }
      ],
      "type": "reg",
      "id": "blkA.sub_blkA.regA0",
      "name": "regA0"
    },
    "blkA.sub_blkA.regA1": {
      "offset": "4",
      "doc": "regA1 - An example register.",
      "fields": [
        {
          "access": "rsvd",
          "reset": "19088743",
          "nbits": 26,
          "lsb": 6,
          "name": "rsvd"
        },
        {
          "access": "ro",
          "reset": "0",
          "nbits": 3,
          "lsb": 3,
          "name": "command_1"
        },
        {
          "access": "ro",
          "reset": "0",
          "nbits": 3,
          "lsb": 0,
          "name": "command_0"
        }
      ],
      "type": "reg",
      "id": "blkA.sub_blkA.regA1",
      "name": "regA1"
    },
    "blkA.sub_blkA.regA2": {
      "offset": "8",
      "doc": "regA2 - An example register.",
      "fields": [
        {
          "name": "f0",
          "lsb": 0,
          "nbits": 8,
          "access": "rw",
          "reset": {
            "value": "0",
            "names": [
              "RS1",
              "RS2"
            ]
          }
        },
        {
          "name": "f1",
          "lsb": 8,
          "nbits": 8,
          "access": "rw",
          "reset": {
            "value": "0x1",
            "names": [
              "RS3",
              "RS1"
            ]
          }
        },
        {
          "name": "f2",
          "lsb": 16,
          "nbits": 8,
          "access": "rw",
          "reset": "0x2"
        },
        {
          "name": "f3",
          "lsb": 24,
          "nbits": 8,
          "access": "rw"
        }
      ],
      "type": "reg",
      "id": "blkA.sub_blkA.regA2",
      "name": "regA2"
    },
    "blkA.sub_blkA.regA3": {
      "offset": "12",
      "doc": "regA3 - An example register.",
      "fields": [
        {
          "access": "ro",
          "reset": "0",
          "nbits": 32,
          "lsb": 0,
          "name": "f0"
        }
      ],
      "type": "reg",
      "id": "blkA.sub_blkA.regA3",
      "name": "regA3"
    },
    "blkA.sub_blkA.regA4": {
      "offset": "16",
      "doc": "regA4 - An example register.",
      "fields": [
        {
          "access": "ro",
          "reset": "0",
          "nbits": 32,
          "lsb": 0,
          "name": "f0"
        }
      ],
      "type": "reg",
      "id": "blkA.sub_blkA.regA4",
      "name": "regA4"
    },
    "blkA.sub_blkA.regA5": {
      "offset": "20",
      "doc": "regA5 - An example register.",
      "fields": [
        {
          "access": "ro",
          "reset": "0",
          "nbits": 32,
          "lsb": 0,
          "name": "f0"
        }
      ],
      "type": "reg",
      "id": "blkA.sub_blkA.regA5",
      "name": "regA5"
    },
    "blkB": {
      "offset": "24",
      "type": "blk",
      "children": [
        "blkB.regB0"
      ],
      "name": "blkB",
      "id": "blkB"
    },
    "blkB.regB0": {
      "offset": "0",
      "doc": "regB0 - An example register.",
      "fields": [
        {
          "access": "ro",
          "reset": "305839190",
          "nbits": 32,
          "lsb": 0,
          "name": "f0"
        }
      ],
      "type": "reg",
      "id": "blkB.regB0",
      "name": "regB0"
    },
    "blkC": {
      "offset": "28",
      "type": "blk",
      "children": [
        "blkC.regC0"
      ],
      "name": "blkC",
      "id": "blkC"
    },
    "blkC.regC0": {
      "offset": "0",
      "doc": "regC0 - An example register.",
      "fields": [
        {
          "access": "ro",
          "reset": "305839190",
          "nbits": 32,
          "lsb": 0,
          "name": "f0"
        }
      ],
      "type": "reg",
      "id": "blkC.regC0",
      "name": "regC0"
    }
  }
}