{
  "$id": "https://json-schema.org/draft/2020-12/schema",
  "title": "Registers",
  "description": "A register description.",
  "type": "object",
  "required": [
    "schema",
    "root",
    "elements"
  ],
  "additionalProperties": false,
  "properties": {
    "schema": {
      "description": "Contains schema version information",
      "type": "object",
      "required": [
        "version",
        "name"
      ],
      "additionalProperties": false,
      "properties": {
        "version": {
          "description": "The register.schema.json version the document targets",
          "type": "string",
          "pattern": "^v1(.\\d+)*$"
        },
        "name": {
          "description": "The name of the format that register.schema.json supports",
          "type": "string",
          "const": "register-description-format"
        }
      }
    },
    "root": {
      "description": "Contains design information",
      "type": "object",
      "required": [
        "desc",
        "children"
      ],
      "additionalProperties": false,
      "properties": {
        "desc": {
          "description": "The name of the design meant to be displayed",
          "type": "string"
        },
        "version": {
          "description": "The design version",
          "type": "string"
        },
        "doc": {
          "description": "Documentation text describing the root element",
          "type": "string"
        },
        "links": {
          "description": "Relevant links for the design.",
          "type": "array",
          "items": {
            "type": "object",
            "required": [
              "text",
              "href"
            ],
            "additionalProperties": false,
            "properties": {
              "text": {
                "description": "The link text to display",
                "type": "string"
              },
              "href": {
                "description": "The URL that the link points to",
                "type": "string"
              }
            }
          }
        },
        "data_width": {
          "description": "Size of registers in number of bits",
          "type": "integer",
          "enum": [
            16,
            32
          ],
          "default": 32
        },
        "default_reset": {
          "description": "The name used for a reset when field.reset is specified as a scalar",
          "type": "string",
          "default": "Default"
        },
        "expanded": {
          "description": "An array of element IDs to expand in the home view",
          "type": "array",
          "items": {
            "type": "string"
          }
        },
        "children": {
          "description": "An array of top level element IDs",
          "type": "array",
          "items": {
            "type": "string"
          },
          "minItems": 1
        }
      }
    },
    "elements": {
      "description": "Design elements",
      "type": "object",
      "minProperties": 1,
      "additionalProperties": false,
      "patternProperties": {
        ".*": {
          "description": "A design element",
          "type": "object",
          "required": [
            "id",
            "name",
            "type"
          ],
          "additionalProperties": false,
          "properties": {
            "id": {
              "description": "A unique element ID",
              "type": "string"
            },
            "name": {
              "description": "The name of the element",
              "type": "string",
              "$comment": "Match C language identifiers",
              "pattern": "^[_a-zA-Z][_a-zA-Z0-9]*$",
              "errorMessage": {
                "pattern": "Must be a valid C language identifier. Current value is ${0}"
              }
            },
            "desc": {
              "description": "A human readable or formatted name of the element",
              "type": "string"
            },
            "type": {
              "description": "The element type",
              "enum": [
                "blk",
                "reg",
                "mem",
                "include"
              ]
            },
            "offset": {
              "description": "The offset of the element relative to its parent",
              "type": "string",
              "$comment": "Match decimal values and hexadecimal values",
              "pattern": "^([0-9]+|0x[0-9a-fA-F]+)$"
            },
            "doc": {
              "description": "Element documentation",
              "type": "string"
            },
            "fields": {
              "description": "An array of child element IDs",
              "type": "array",
              "items": {
                "type": "object",
                "required": [
                  "nbits",
                  "lsb",
                  "name",
                  "access"
                ],
                "additionalProperties": false,
                "properties": {
                  "nbits": {
                    "description": "Number of bits",
                    "type": "integer",
                    "minimum": 1,
                    "maximum": 32
                  },
                  "lsb": {
                    "description": "Position of the least significant bit",
                    "type": "integer",
                    "minimum": 0
                  },
                  "name": {
                    "description": "The name of the register field",
                    "type": "string",
                    "$comment": "Match C language identifiers",
                    "pattern": "^[_a-zA-Z][_a-zA-Z0-9]*$",
                    "errorMessage": {
                      "pattern": "Must be a valid C language identifier. Current value is ${0}"
                    }
                  },
                  "access": {
                    "description": "The software access type of the field",
                    "type": "string"
                  },
                  "reset": {
                    "description": "The reset value of the field",
                    "type": [
                      "string",
                      "object"
                    ],
                    "$comment": "Match binary values with partial unknowns, decimal values without unknowns, full unknowns, and hexadecimal values with unknowns",
                    "pattern": "^(0b[01?]+|[0-9]+|[?]+|0x[0-9a-fA-F?]+)$",
                    "additionalProperties": false,
                    "properties": {
                      "value": {
                        "description": "the value of the reset",
                        "type": "string",
                        "$comment": "Match binary values with partial unknowns, decimal values without unknowns, full unknowns, and hexadecimal values with unknowns",
                        "pattern": "^(0b[01?]+|[0-9]+|[?]+|0x[0-9a-fA-F?]+)$"
                      },
                      "names": {
                        "description": "named reset states to associate with the given reset value",
                        "type": "array",
                        "items": {
                          "type": "string"
                        }
                      }
                    }
                  },
                  "doc": {
                    "description": "Field documentation",
                    "type": "string"
                  },
                  "def": {
                    "description": "Field definition",
                    "type": "string"
                  },
                  "enum": {
                    "description": "Enumerated field values associated with a label",
                    "type": "array",
                    "items": {
                      "type": "object",
                      "required": [
                        "name",
                        "value"
                      ],
                      "additionalProperties": false,
                      "properties": {
                        "name": {
                          "description": "The name of the enumerated field value",
                          "type": "string",
                          "$comment": "Match C language identifiers",
                          "pattern": "^[_a-zA-Z][_a-zA-Z0-9]*$",
                          "errorMessage": {
                            "pattern": "Must be a valid C language identifier. Current value is ${0}"
                          }
                        },
                        "value": {
                          "description": "The field value to associate with the name",
                          "type": "string",
                          "$comment": "Match binary values, decimal values, and hexadecimal values",
                          "pattern": "^(0b[01]+|[0-9]+|0x[0-9a-fA-F]+)$"
                        },
                        "doc": {
                          "description": "The description of the enumerated field value",
                          "type": "string"
                        }
                      }
                    }
                  }
                }
              }
            },
            "version": {
              "description": "The design version",
              "type": "string"
            },
            "links": {
              "description": "Relevant links for the design.",
              "type": "array",
              "items": {
                "type": "object",
                "required": [
                  "text",
                  "href"
                ],
                "additionalProperties": false,
                "properties": {
                  "text": {
                    "description": "The link text to display",
                    "type": "string"
                  },
                  "href": {
                    "description": "The URL that the link points to",
                    "type": "string"
                  }
                }
              }
            },
            "data_width": {
              "description": "Size of registers in number of bits",
              "type": "integer",
              "enum": [
                16,
                32
              ],
              "default": 32
            },
            "default_reset": {
              "description": "The name used for a reset when field.reset is specified as a scalar",
              "type": "string"
            },
            "size": {
              "description": "The size (in bytes) of the element",
              "type": "string",
              "$comment": "Match decimal values and hexadecimal values",
              "pattern": "^([0-9]+|0x[0-9a-fA-F]+)$"
            },
            "children": {
              "description": "An array of child element IDs",
              "type": "array",
              "items": {
                "type": "string"
              }
            },
            "url": {
              "description": "URL to fetch data from in nested inclusion block",
              "type": "string"
            }
          },
          "allOf": [
            {
              "if": {
                "properties": {
                  "type": {
                    "const": "reg"
                  }
                }
              },
              "then": {
                "required": [
                  "fields",
                  "offset"
                ],
                "properties": {
                  "version": false,
                  "links": false,
                  "data_width": false,
                  "default_reset": false,
                  "size": false,
                  "children": false,
                  "url": false
                }
              }
            },
            {
              "if": {
                "properties": {
                  "type": {
                    "const": "include"
                  }
                }
              },
              "then": {
                "required": [
                  "url"
                ],
                "properties": {
                  "version": false,
                  "links": false,
                  "data_width": false,
                  "default_reset": false,
                  "size": false,
                  "children": false,
                  "fields": false
                }
              }
            },
            {
              "if": {
                "properties": {
                  "type": {
                    "const": "mem"
                  }
                }
              },
              "then": {
                "required": [
                  "size"
                ],
                "properties": {
                  "version": false,
                  "links": false,
                  "data_width": false,
                  "default_reset": false,
                  "children": false,
                  "fields": false
                }
              }
            },
            {
              "if": {
                "properties": {
                  "type": {
                    "const": "blk"
                  }
                }
              },
              "then": {
                "required": [
                  "children"
                ],
                "properties": {
                  "fields": false,
                  "url": false
                }
              }
            }
          ]
        }
      }
    }
  }
}
